USE Webcinema
SET DATEFORMAT DMY

INSERT INTO Genres(GenreId,GenreName) VALUES('TL1', N'Hành động')
INSERT INTO Genres(GenreId,GenreName) VALUES('TL2', N'Hài')
INSERT INTO Genres(GenreId,GenreName) VALUES('TL3', N'Khoa học - viễn tưởng')
INSERT INTO Genres(GenreId,GenreName) VALUES('TL4', N'Tình cảm')
INSERT INTO Genres(GenreId,GenreName) VALUES('TL5', N'Kinh dị')
INSERT INTO Genres(GenreId,GenreName) VALUES('TL6', N'Hoạt hình')
INSERT INTO Genres(GenreId,GenreName) VALUES('TL7', N'Lịch sử')
INSERT INTO Genres(GenreId,GenreName) VALUES('TL8', N'Chiến tranh')
INSERT INTO Genres(GenreId,GenreName) VALUES('TL9', N'Trinh Thám')
INSERT INTO Genres(GenreId,GenreName) VALUES('TL10', N'Giật gân')
SELECT * FROM Genres

INSERT INTO Movies(MovieId,MovieName,GenreId,MovieLength,Description,ReleaseDate,EndDate,TotalCost,TotalRevenue,Poster,Trailer,MovieState)
	VALUES('P1','Baking Bad','TL10',N'120 Phút',N'this is a great movie','24/3/2023','24/4/2024',NULL,NULL,'Baking-Bad.png',
			'https://www.youtube.com/watch?v=ceqOTZnhgY8',N'Đang Chiếu')
INSERT INTO Movies(MovieId,MovieName,GenreId,MovieLength,Description,ReleaseDate,EndDate,TotalCost,TotalRevenue,Poster,Trailer,MovieState)
	VALUES('P2','Baking Bad','TL10',N'120 Phút',N'this is a great movie','24/3/2023','24/4/2024',NULL,NULL,'Baking-Bad.png',
			'https://www.youtube.com/watch?v=ceqOTZnhgY8',N'Đang Chiếu')
INSERT INTO Movies(MovieId,MovieName,GenreId,MovieLength,Description,ReleaseDate,EndDate,TotalCost,TotalRevenue,Poster,Trailer,MovieState)
	VALUES('P3','Baking Bad','TL10',N'120 Phút',N'this is a great movie','24/3/2023','24/4/2024',NULL,NULL,'Baking-Bad.png',
			'https://www.youtube.com/watch?v=ceqOTZnhgY8',N'Đang Chiếu')
INSERT INTO Movies(MovieId,MovieName,GenreId,MovieLength,Description,ReleaseDate,EndDate,TotalCost,TotalRevenue,Poster,Trailer,MovieState)
	VALUES('P4','Baking Bad','TL10',N'120 Phút',N'this is a great movie','24/3/2023','24/4/2024',NULL,NULL,'Baking-Bad.png',
			'https://www.youtube.com/watch?v=ceqOTZnhgY8',N'Đang Chiếu')
INSERT INTO Movies(MovieId,MovieName,GenreId,MovieLength,Description,ReleaseDate,EndDate,TotalCost,TotalRevenue,Poster,Trailer,MovieState)
	VALUES('P5','Baking Bad','TL10',N'120 Phút',N'this is a great movie','24/3/2023','24/4/2024',NULL,NULL,'Baking-Bad.png',
			'https://www.youtube.com/watch?v=ceqOTZnhgY8',N'Đang Chiếu')
INSERT INTO Movies(MovieId,MovieName,GenreId,MovieLength,Description,ReleaseDate,EndDate,TotalCost,TotalRevenue,Poster,Trailer,MovieState)
	VALUES('P6','Baking Bad','TL10',N'120 Phút',N'this is a great movie','24/3/2023','24/4/2024',NULL,NULL,'Baking-Bad.png',
			'https://www.youtube.com/watch?v=ceqOTZnhgY8',N'Đang Chiếu')
INSERT INTO Movies(MovieId,MovieName,GenreId,MovieLength,Description,ReleaseDate,EndDate,TotalCost,TotalRevenue,Poster,Trailer,MovieState)
	VALUES('P7','Baking Bad','TL10',N'120 Phút',N'this is a great movie','24/3/2023','24/4/2024',NULL,NULL,'Baking-Bad.png',
			'https://www.youtube.com/watch?v=ceqOTZnhgY8',N'Đang Chiếu')
INSERT INTO Movies(MovieId,MovieName,GenreId,MovieLength,Description,ReleaseDate,EndDate,TotalCost,TotalRevenue,Poster,Trailer,MovieState)
	VALUES('P8','Baking Bad','TL10',N'120 Phút',N'this is a great movie','24/3/2023','24/4/2024',NULL,NULL,'Baking-Bad.png',
			'https://www.youtube.com/watch?v=ceqOTZnhgY8',N'Sắp Chiếu')
INSERT INTO Movies(MovieId,MovieName,GenreId,MovieLength,Description,ReleaseDate,EndDate,TotalCost,TotalRevenue,Poster,Trailer,MovieState)
	VALUES('P9','Baking Bad','TL10',N'120 Phút',N'this is a great movie','24/3/2023','24/4/2024',NULL,NULL,'Baking-Bad.png',
			'https://www.youtube.com/watch?v=ceqOTZnhgY8',N'Sắp Chiếu')
INSERT INTO Movies(MovieId,MovieName,GenreId,MovieLength,Description,ReleaseDate,EndDate,TotalCost,TotalRevenue,Poster,Trailer,MovieState)
	VALUES('P10','Baking Bad','TL10',N'120 Phút',N'this is a great movie','24/3/2023','24/4/2024',NULL,NULL,'Baking-Bad.png',
			'https://www.youtube.com/watch?v=ceqOTZnhgY8',N'Sắp Chiếu')
INSERT INTO Movies(MovieId,MovieName,GenreId,MovieLength,Description,ReleaseDate,EndDate,TotalCost,TotalRevenue,Poster,Trailer,MovieState)
	VALUES('P11','Baking Bad','TL10',N'120 Phút',N'this is a great movie','24/3/2023','24/4/2024',NULL,NULL,'Baking-Bad.png',
			'https://www.youtube.com/watch?v=ceqOTZnhgY8',N'Sắp Chiếu')
INSERT INTO Movies(MovieId,MovieName,GenreId,MovieLength,Description,ReleaseDate,EndDate,TotalCost,TotalRevenue,Poster,Trailer,MovieState)
	VALUES('P12','Baking Bad','TL10',N'120 Phút',N'this is a great movie','24/3/2023','24/4/2024',NULL,NULL,'Baking-Bad.png',
			'https://www.youtube.com/watch?v=ceqOTZnhgY8',N'Sắp Chiếu')
SELECT * FROM Movies

INSERT INTO Screentimes(ScreentimeId,Screentime) VALUES('GC1','08:00')
INSERT INTO Screentimes(ScreentimeId,Screentime) VALUES('GC2','08:30')
INSERT INTO Screentimes(ScreentimeId,Screentime) VALUES('GC3','09:00')
INSERT INTO Screentimes(ScreentimeId,Screentime) VALUES('GC4','09:30')
INSERT INTO Screentimes(ScreentimeId,Screentime) VALUES('GC5','10:00')
INSERT INTO Screentimes(ScreentimeId,Screentime) VALUES('GC6','10:30')
INSERT INTO Screentimes(ScreentimeId,Screentime) VALUES('GC7','11:00')
INSERT INTO Screentimes(ScreentimeId,Screentime) VALUES('GC8','11:30')
INSERT INTO Screentimes(ScreentimeId,Screentime) VALUES('GC9','12:00')
INSERT INTO Screentimes(ScreentimeId,Screentime) VALUES('GC10','12:30')
INSERT INTO Screentimes(ScreentimeId,Screentime) VALUES('GC11','13:00')
INSERT INTO Screentimes(ScreentimeId,Screentime) VALUES('GC12','13:30')
INSERT INTO Screentimes(ScreentimeId,Screentime) VALUES('GC13','14:00')
INSERT INTO Screentimes(ScreentimeId,Screentime) VALUES('GC14','14:30')
INSERT INTO Screentimes(ScreentimeId,Screentime) VALUES('GC15','15:00')
INSERT INTO Screentimes(ScreentimeId,Screentime) VALUES('GC16','15:30')
INSERT INTO Screentimes(ScreentimeId,Screentime) VALUES('GC17','16:00')
INSERT INTO Screentimes(ScreentimeId,Screentime) VALUES('GC18','16:30')
INSERT INTO Screentimes(ScreentimeId,Screentime) VALUES('GC19','17:00')
INSERT INTO Screentimes(ScreentimeId,Screentime) VALUES('GC20','17:30')
INSERT INTO Screentimes(ScreentimeId,Screentime) VALUES('GC21','18:00')
INSERT INTO Screentimes(ScreentimeId,Screentime) VALUES('GC22','19:00')
INSERT INTO Screentimes(ScreentimeId,Screentime) VALUES('GC23','20:00')
SELECT * FROM Screentimes

INSERT INTO Rooms(RoomId,RoomName,TotalSeat) VALUES('PC1',N'Phòng 01',40)
INSERT INTO Rooms(RoomId,RoomName,TotalSeat) VALUES('PC2',N'Phòng 02',40)
INSERT INTO Rooms(RoomId,RoomName,TotalSeat) VALUES('PC3',N'Phòng 03',40)
INSERT INTO Rooms(RoomId,RoomName,TotalSeat) VALUES('PC4',N'Phòng 04',40)
INSERT INTO Rooms(RoomId,RoomName,TotalSeat) VALUES('PC5',N'Phòng 05',40)
INSERT INTO Rooms(RoomId,RoomName,TotalSeat) VALUES('PC6',N'Phòng 06',40)
INSERT INTO Rooms(RoomId,RoomName,TotalSeat) VALUES('PC7',N'Phòng 07',40)
INSERT INTO Rooms(RoomId,RoomName,TotalSeat) VALUES('PC8',N'Phòng 08',40)
SELECT * FROM Rooms

INSERT INTO Seats(SeatId,RoomId) VALUES('PC1_A1','PC1')
INSERT INTO Seats(SeatId,RoomId) VALUES('PC1_A2','PC1')
INSERT INTO Seats(SeatId,RoomId) VALUES('PC1_A3','PC1')
INSERT INTO Seats(SeatId,RoomId) VALUES('PC1_A4','PC1')
INSERT INTO Seats(SeatId,RoomId) VALUES('PC1_A5','PC1')
INSERT INTO Seats(SeatId,RoomId) VALUES('PC1_A6','PC1')
INSERT INTO Seats(SeatId,RoomId) VALUES('PC1_A7','PC1')
INSERT INTO Seats(SeatId,RoomId) VALUES('PC1_A8','PC1')
INSERT INTO Seats(SeatId,RoomId) VALUES('PC1_B1','PC1')
INSERT INTO Seats(SeatId,RoomId) VALUES('PC1_B2','PC1')
INSERT INTO Seats(SeatId,RoomId) VALUES('PC1_B3','PC1')
INSERT INTO Seats(SeatId,RoomId) VALUES('PC1_B4','PC1')
INSERT INTO Seats(SeatId,RoomId) VALUES('PC1_B5','PC1')
INSERT INTO Seats(SeatId,RoomId) VALUES('PC1_B6','PC1')
INSERT INTO Seats(SeatId,RoomId) VALUES('PC1_B7','PC1')
INSERT INTO Seats(SeatId,RoomId) VALUES('PC1_B8','PC1')
INSERT INTO Seats(SeatId,RoomId) VALUES('PC1_C1','PC1')
INSERT INTO Seats(SeatId,RoomId) VALUES('PC1_C2','PC1')
INSERT INTO Seats(SeatId,RoomId) VALUES('PC1_C3','PC1')
INSERT INTO Seats(SeatId,RoomId) VALUES('PC1_C4','PC1')
INSERT INTO Seats(SeatId,RoomId) VALUES('PC1_C5','PC1')
INSERT INTO Seats(SeatId,RoomId) VALUES('PC1_C6','PC1')
INSERT INTO Seats(SeatId,RoomId) VALUES('PC1_C7','PC1')
INSERT INTO Seats(SeatId,RoomId) VALUES('PC1_C8','PC1')
INSERT INTO Seats(SeatId,RoomId) VALUES('PC1_D1','PC1')
INSERT INTO Seats(SeatId,RoomId) VALUES('PC1_D2','PC1')
INSERT INTO Seats(SeatId,RoomId) VALUES('PC1_D3','PC1')
INSERT INTO Seats(SeatId,RoomId) VALUES('PC1_D4','PC1')
INSERT INTO Seats(SeatId,RoomId) VALUES('PC1_D5','PC1')
INSERT INTO Seats(SeatId,RoomId) VALUES('PC1_D6','PC1')
INSERT INTO Seats(SeatId,RoomId) VALUES('PC1_D7','PC1')
INSERT INTO Seats(SeatId,RoomId) VALUES('PC1_D8','PC1')
INSERT INTO Seats(SeatId,RoomId) VALUES('PC1_E1','PC1')
INSERT INTO Seats(SeatId,RoomId) VALUES('PC1_E2','PC1')
INSERT INTO Seats(SeatId,RoomId) VALUES('PC1_E3','PC1')
INSERT INTO Seats(SeatId,RoomId) VALUES('PC1_E4','PC1')
INSERT INTO Seats(SeatId,RoomId) VALUES('PC1_E5','PC1')
INSERT INTO Seats(SeatId,RoomId) VALUES('PC1_E6','PC1')
INSERT INTO Seats(SeatId,RoomId) VALUES('PC1_E7','PC1')
INSERT INTO Seats(SeatId,RoomId) VALUES('PC1_E8','PC1')

INSERT INTO Seats(SeatId,RoomId) VALUES('PC2_A1','PC2')
INSERT INTO Seats(SeatId,RoomId) VALUES('PC2_A2','PC2')
INSERT INTO Seats(SeatId,RoomId) VALUES('PC2_A3','PC2')
INSERT INTO Seats(SeatId,RoomId) VALUES('PC2_A4','PC2')
INSERT INTO Seats(SeatId,RoomId) VALUES('PC2_A5','PC2')
INSERT INTO Seats(SeatId,RoomId) VALUES('PC2_A6','PC2')
INSERT INTO Seats(SeatId,RoomId) VALUES('PC2_A7','PC2')
INSERT INTO Seats(SeatId,RoomId) VALUES('PC2_A8','PC2')
INSERT INTO Seats(SeatId,RoomId) VALUES('PC2_B1','PC2')
INSERT INTO Seats(SeatId,RoomId) VALUES('PC2_B2','PC2')
INSERT INTO Seats(SeatId,RoomId) VALUES('PC2_B3','PC2')
INSERT INTO Seats(SeatId,RoomId) VALUES('PC2_B4','PC2')
INSERT INTO Seats(SeatId,RoomId) VALUES('PC2_B5','PC2')
INSERT INTO Seats(SeatId,RoomId) VALUES('PC2_B6','PC2')
INSERT INTO Seats(SeatId,RoomId) VALUES('PC2_B7','PC2')
INSERT INTO Seats(SeatId,RoomId) VALUES('PC2_B8','PC2')
INSERT INTO Seats(SeatId,RoomId) VALUES('PC2_C1','PC2')
INSERT INTO Seats(SeatId,RoomId) VALUES('PC2_C2','PC2')
INSERT INTO Seats(SeatId,RoomId) VALUES('PC2_C3','PC2')
INSERT INTO Seats(SeatId,RoomId) VALUES('PC2_C4','PC2')
INSERT INTO Seats(SeatId,RoomId) VALUES('PC2_C5','PC2')
INSERT INTO Seats(SeatId,RoomId) VALUES('PC2_C6','PC2')
INSERT INTO Seats(SeatId,RoomId) VALUES('PC2_C7','PC2')
INSERT INTO Seats(SeatId,RoomId) VALUES('PC2_C8','PC2')
INSERT INTO Seats(SeatId,RoomId) VALUES('PC2_D1','PC2')
INSERT INTO Seats(SeatId,RoomId) VALUES('PC2_D2','PC2')
INSERT INTO Seats(SeatId,RoomId) VALUES('PC2_D3','PC2')
INSERT INTO Seats(SeatId,RoomId) VALUES('PC2_D4','PC2')
INSERT INTO Seats(SeatId,RoomId) VALUES('PC2_D5','PC2')
INSERT INTO Seats(SeatId,RoomId) VALUES('PC2_D6','PC2')
INSERT INTO Seats(SeatId,RoomId) VALUES('PC2_D7','PC2')
INSERT INTO Seats(SeatId,RoomId) VALUES('PC2_D8','PC2')
INSERT INTO Seats(SeatId,RoomId) VALUES('PC2_E1','PC2')
INSERT INTO Seats(SeatId,RoomId) VALUES('PC2_E2','PC2')
INSERT INTO Seats(SeatId,RoomId) VALUES('PC2_E3','PC2')
INSERT INTO Seats(SeatId,RoomId) VALUES('PC2_E4','PC2')
INSERT INTO Seats(SeatId,RoomId) VALUES('PC2_E5','PC2')
INSERT INTO Seats(SeatId,RoomId) VALUES('PC2_E6','PC2')
INSERT INTO Seats(SeatId,RoomId) VALUES('PC2_E7','PC2')
INSERT INTO Seats(SeatId,RoomId) VALUES('PC2_E8','PC2')

INSERT INTO Seats(SeatId,RoomId) VALUES('PC3_A1','PC3')
INSERT INTO Seats(SeatId,RoomId) VALUES('PC3_A2','PC3')
INSERT INTO Seats(SeatId,RoomId) VALUES('PC3_A3','PC3')
INSERT INTO Seats(SeatId,RoomId) VALUES('PC3_A4','PC3')
INSERT INTO Seats(SeatId,RoomId) VALUES('PC3_A5','PC3')
INSERT INTO Seats(SeatId,RoomId) VALUES('PC3_A6','PC3')
INSERT INTO Seats(SeatId,RoomId) VALUES('PC3_A7','PC3')
INSERT INTO Seats(SeatId,RoomId) VALUES('PC3_A8','PC3')
INSERT INTO Seats(SeatId,RoomId) VALUES('PC3_B1','PC3')
INSERT INTO Seats(SeatId,RoomId) VALUES('PC3_B2','PC3')
INSERT INTO Seats(SeatId,RoomId) VALUES('PC3_B3','PC3')
INSERT INTO Seats(SeatId,RoomId) VALUES('PC3_B4','PC3')
INSERT INTO Seats(SeatId,RoomId) VALUES('PC3_B5','PC3')
INSERT INTO Seats(SeatId,RoomId) VALUES('PC3_B6','PC3')
INSERT INTO Seats(SeatId,RoomId) VALUES('PC3_B7','PC3')
INSERT INTO Seats(SeatId,RoomId) VALUES('PC3_B8','PC3')
INSERT INTO Seats(SeatId,RoomId) VALUES('PC3_C1','PC3')
INSERT INTO Seats(SeatId,RoomId) VALUES('PC3_C2','PC3')
INSERT INTO Seats(SeatId,RoomId) VALUES('PC3_C3','PC3')
INSERT INTO Seats(SeatId,RoomId) VALUES('PC3_C4','PC3')
INSERT INTO Seats(SeatId,RoomId) VALUES('PC3_C5','PC3')
INSERT INTO Seats(SeatId,RoomId) VALUES('PC3_C6','PC3')
INSERT INTO Seats(SeatId,RoomId) VALUES('PC3_C7','PC3')
INSERT INTO Seats(SeatId,RoomId) VALUES('PC3_C8','PC3')
INSERT INTO Seats(SeatId,RoomId) VALUES('PC3_D1','PC3')
INSERT INTO Seats(SeatId,RoomId) VALUES('PC3_D2','PC3')
INSERT INTO Seats(SeatId,RoomId) VALUES('PC3_D3','PC3')
INSERT INTO Seats(SeatId,RoomId) VALUES('PC3_D4','PC3')
INSERT INTO Seats(SeatId,RoomId) VALUES('PC3_D5','PC3')
INSERT INTO Seats(SeatId,RoomId) VALUES('PC3_D6','PC3')
INSERT INTO Seats(SeatId,RoomId) VALUES('PC3_D7','PC3')
INSERT INTO Seats(SeatId,RoomId) VALUES('PC3_D8','PC3')
INSERT INTO Seats(SeatId,RoomId) VALUES('PC3_E1','PC3')
INSERT INTO Seats(SeatId,RoomId) VALUES('PC3_E2','PC3')
INSERT INTO Seats(SeatId,RoomId) VALUES('PC3_E3','PC3')
INSERT INTO Seats(SeatId,RoomId) VALUES('PC3_E4','PC3')
INSERT INTO Seats(SeatId,RoomId) VALUES('PC3_E5','PC3')
INSERT INTO Seats(SeatId,RoomId) VALUES('PC3_E6','PC3')
INSERT INTO Seats(SeatId,RoomId) VALUES('PC3_E7','PC3')
INSERT INTO Seats(SeatId,RoomId) VALUES('PC3_E8','PC3')

INSERT INTO Seats(SeatId,RoomId) VALUES('PC4_A1','PC4')
INSERT INTO Seats(SeatId,RoomId) VALUES('PC4_A2','PC4')
INSERT INTO Seats(SeatId,RoomId) VALUES('PC4_A3','PC4')
INSERT INTO Seats(SeatId,RoomId) VALUES('PC4_A4','PC4')
INSERT INTO Seats(SeatId,RoomId) VALUES('PC4_A5','PC4')
INSERT INTO Seats(SeatId,RoomId) VALUES('PC4_A6','PC4')
INSERT INTO Seats(SeatId,RoomId) VALUES('PC4_A7','PC4')
INSERT INTO Seats(SeatId,RoomId) VALUES('PC4_A8','PC4')
INSERT INTO Seats(SeatId,RoomId) VALUES('PC4_B1','PC4')
INSERT INTO Seats(SeatId,RoomId) VALUES('PC4_B2','PC4')
INSERT INTO Seats(SeatId,RoomId) VALUES('PC4_B3','PC4')
INSERT INTO Seats(SeatId,RoomId) VALUES('PC4_B4','PC4')
INSERT INTO Seats(SeatId,RoomId) VALUES('PC4_B5','PC4')
INSERT INTO Seats(SeatId,RoomId) VALUES('PC4_B6','PC4')
INSERT INTO Seats(SeatId,RoomId) VALUES('PC4_B7','PC4')
INSERT INTO Seats(SeatId,RoomId) VALUES('PC4_B8','PC4')
INSERT INTO Seats(SeatId,RoomId) VALUES('PC4_C1','PC4')
INSERT INTO Seats(SeatId,RoomId) VALUES('PC4_C2','PC4')
INSERT INTO Seats(SeatId,RoomId) VALUES('PC4_C3','PC4')
INSERT INTO Seats(SeatId,RoomId) VALUES('PC4_C4','PC4')
INSERT INTO Seats(SeatId,RoomId) VALUES('PC4_C5','PC4')
INSERT INTO Seats(SeatId,RoomId) VALUES('PC4_C6','PC4')
INSERT INTO Seats(SeatId,RoomId) VALUES('PC4_C7','PC4')
INSERT INTO Seats(SeatId,RoomId) VALUES('PC4_C8','PC4')
INSERT INTO Seats(SeatId,RoomId) VALUES('PC4_D1','PC4')
INSERT INTO Seats(SeatId,RoomId) VALUES('PC4_D2','PC4')
INSERT INTO Seats(SeatId,RoomId) VALUES('PC4_D3','PC4')
INSERT INTO Seats(SeatId,RoomId) VALUES('PC4_D4','PC4')
INSERT INTO Seats(SeatId,RoomId) VALUES('PC4_D5','PC4')
INSERT INTO Seats(SeatId,RoomId) VALUES('PC4_D6','PC4')
INSERT INTO Seats(SeatId,RoomId) VALUES('PC4_D7','PC4')
INSERT INTO Seats(SeatId,RoomId) VALUES('PC4_D8','PC4')
INSERT INTO Seats(SeatId,RoomId) VALUES('PC4_E1','PC4')
INSERT INTO Seats(SeatId,RoomId) VALUES('PC4_E2','PC4')
INSERT INTO Seats(SeatId,RoomId) VALUES('PC4_E3','PC4')
INSERT INTO Seats(SeatId,RoomId) VALUES('PC4_E4','PC4')
INSERT INTO Seats(SeatId,RoomId) VALUES('PC4_E5','PC4')
INSERT INTO Seats(SeatId,RoomId) VALUES('PC4_E6','PC4')
INSERT INTO Seats(SeatId,RoomId) VALUES('PC4_E7','PC4')
INSERT INTO Seats(SeatId,RoomId) VALUES('PC4_E8','PC4')

INSERT INTO Seats(SeatId,RoomId) VALUES('PC5_A1','PC5')
INSERT INTO Seats(SeatId,RoomId) VALUES('PC5_A2','PC5')
INSERT INTO Seats(SeatId,RoomId) VALUES('PC5_A3','PC5')
INSERT INTO Seats(SeatId,RoomId) VALUES('PC5_A4','PC5')
INSERT INTO Seats(SeatId,RoomId) VALUES('PC5_A5','PC5')
INSERT INTO Seats(SeatId,RoomId) VALUES('PC5_A6','PC5')
INSERT INTO Seats(SeatId,RoomId) VALUES('PC5_A7','PC5')
INSERT INTO Seats(SeatId,RoomId) VALUES('PC5_A8','PC5')
INSERT INTO Seats(SeatId,RoomId) VALUES('PC5_B1','PC5')
INSERT INTO Seats(SeatId,RoomId) VALUES('PC5_B2','PC5')
INSERT INTO Seats(SeatId,RoomId) VALUES('PC5_B3','PC5')
INSERT INTO Seats(SeatId,RoomId) VALUES('PC5_B4','PC5')
INSERT INTO Seats(SeatId,RoomId) VALUES('PC5_B5','PC5')
INSERT INTO Seats(SeatId,RoomId) VALUES('PC5_B6','PC5')
INSERT INTO Seats(SeatId,RoomId) VALUES('PC5_B7','PC5')
INSERT INTO Seats(SeatId,RoomId) VALUES('PC5_B8','PC5')
INSERT INTO Seats(SeatId,RoomId) VALUES('PC5_C1','PC5')
INSERT INTO Seats(SeatId,RoomId) VALUES('PC5_C2','PC5')
INSERT INTO Seats(SeatId,RoomId) VALUES('PC5_C3','PC5')
INSERT INTO Seats(SeatId,RoomId) VALUES('PC5_C4','PC5')
INSERT INTO Seats(SeatId,RoomId) VALUES('PC5_C5','PC5')
INSERT INTO Seats(SeatId,RoomId) VALUES('PC5_C6','PC5')
INSERT INTO Seats(SeatId,RoomId) VALUES('PC5_C7','PC5')
INSERT INTO Seats(SeatId,RoomId) VALUES('PC5_C8','PC5')
INSERT INTO Seats(SeatId,RoomId) VALUES('PC5_D1','PC5')
INSERT INTO Seats(SeatId,RoomId) VALUES('PC5_D2','PC5')
INSERT INTO Seats(SeatId,RoomId) VALUES('PC5_D3','PC5')
INSERT INTO Seats(SeatId,RoomId) VALUES('PC5_D4','PC5')
INSERT INTO Seats(SeatId,RoomId) VALUES('PC5_D5','PC5')
INSERT INTO Seats(SeatId,RoomId) VALUES('PC5_D6','PC5')
INSERT INTO Seats(SeatId,RoomId) VALUES('PC5_D7','PC5')
INSERT INTO Seats(SeatId,RoomId) VALUES('PC5_D8','PC5')
INSERT INTO Seats(SeatId,RoomId) VALUES('PC5_E1','PC5')
INSERT INTO Seats(SeatId,RoomId) VALUES('PC5_E2','PC5')
INSERT INTO Seats(SeatId,RoomId) VALUES('PC5_E3','PC5')
INSERT INTO Seats(SeatId,RoomId) VALUES('PC5_E4','PC5')
INSERT INTO Seats(SeatId,RoomId) VALUES('PC5_E5','PC5')
INSERT INTO Seats(SeatId,RoomId) VALUES('PC5_E6','PC5')
INSERT INTO Seats(SeatId,RoomId) VALUES('PC5_E7','PC5')
INSERT INTO Seats(SeatId,RoomId) VALUES('PC5_E8','PC5')

INSERT INTO Seats(SeatId,RoomId) VALUES('PC6_A1','PC6')
INSERT INTO Seats(SeatId,RoomId) VALUES('PC6_A2','PC6')
INSERT INTO Seats(SeatId,RoomId) VALUES('PC6_A3','PC6')
INSERT INTO Seats(SeatId,RoomId) VALUES('PC6_A4','PC6')
INSERT INTO Seats(SeatId,RoomId) VALUES('PC6_A5','PC6')
INSERT INTO Seats(SeatId,RoomId) VALUES('PC6_A6','PC6')
INSERT INTO Seats(SeatId,RoomId) VALUES('PC6_A7','PC6')
INSERT INTO Seats(SeatId,RoomId) VALUES('PC6_A8','PC6')
INSERT INTO Seats(SeatId,RoomId) VALUES('PC6_B1','PC6')
INSERT INTO Seats(SeatId,RoomId) VALUES('PC6_B2','PC6')
INSERT INTO Seats(SeatId,RoomId) VALUES('PC6_B3','PC6')
INSERT INTO Seats(SeatId,RoomId) VALUES('PC6_B4','PC6')
INSERT INTO Seats(SeatId,RoomId) VALUES('PC6_B5','PC6')
INSERT INTO Seats(SeatId,RoomId) VALUES('PC6_B6','PC6')
INSERT INTO Seats(SeatId,RoomId) VALUES('PC6_B7','PC6')
INSERT INTO Seats(SeatId,RoomId) VALUES('PC6_B8','PC6')
INSERT INTO Seats(SeatId,RoomId) VALUES('PC6_C1','PC6')
INSERT INTO Seats(SeatId,RoomId) VALUES('PC6_C2','PC6')
INSERT INTO Seats(SeatId,RoomId) VALUES('PC6_C3','PC6')
INSERT INTO Seats(SeatId,RoomId) VALUES('PC6_C4','PC6')
INSERT INTO Seats(SeatId,RoomId) VALUES('PC6_C5','PC6')
INSERT INTO Seats(SeatId,RoomId) VALUES('PC6_C6','PC6')
INSERT INTO Seats(SeatId,RoomId) VALUES('PC6_C7','PC6')
INSERT INTO Seats(SeatId,RoomId) VALUES('PC6_C8','PC6')
INSERT INTO Seats(SeatId,RoomId) VALUES('PC6_D1','PC6')
INSERT INTO Seats(SeatId,RoomId) VALUES('PC6_D2','PC6')
INSERT INTO Seats(SeatId,RoomId) VALUES('PC6_D3','PC6')
INSERT INTO Seats(SeatId,RoomId) VALUES('PC6_D4','PC6')
INSERT INTO Seats(SeatId,RoomId) VALUES('PC6_D5','PC6')
INSERT INTO Seats(SeatId,RoomId) VALUES('PC6_D6','PC6')
INSERT INTO Seats(SeatId,RoomId) VALUES('PC6_D7','PC6')
INSERT INTO Seats(SeatId,RoomId) VALUES('PC6_D8','PC6')
INSERT INTO Seats(SeatId,RoomId) VALUES('PC6_E1','PC6')
INSERT INTO Seats(SeatId,RoomId) VALUES('PC6_E2','PC6')
INSERT INTO Seats(SeatId,RoomId) VALUES('PC6_E3','PC6')
INSERT INTO Seats(SeatId,RoomId) VALUES('PC6_E4','PC6')
INSERT INTO Seats(SeatId,RoomId) VALUES('PC6_E5','PC6')
INSERT INTO Seats(SeatId,RoomId) VALUES('PC6_E6','PC6')
INSERT INTO Seats(SeatId,RoomId) VALUES('PC6_E7','PC6')
INSERT INTO Seats(SeatId,RoomId) VALUES('PC6_E8','PC6')

INSERT INTO Seats(SeatId,RoomId) VALUES('PC7_A1','PC7')
INSERT INTO Seats(SeatId,RoomId) VALUES('PC7_A2','PC7')
INSERT INTO Seats(SeatId,RoomId) VALUES('PC7_A3','PC7')
INSERT INTO Seats(SeatId,RoomId) VALUES('PC7_A4','PC7')
INSERT INTO Seats(SeatId,RoomId) VALUES('PC7_A5','PC7')
INSERT INTO Seats(SeatId,RoomId) VALUES('PC7_A6','PC7')
INSERT INTO Seats(SeatId,RoomId) VALUES('PC7_A7','PC7')
INSERT INTO Seats(SeatId,RoomId) VALUES('PC7_A8','PC7')
INSERT INTO Seats(SeatId,RoomId) VALUES('PC7_B1','PC7')
INSERT INTO Seats(SeatId,RoomId) VALUES('PC7_B2','PC7')
INSERT INTO Seats(SeatId,RoomId) VALUES('PC7_B3','PC7')
INSERT INTO Seats(SeatId,RoomId) VALUES('PC7_B4','PC7')
INSERT INTO Seats(SeatId,RoomId) VALUES('PC7_B5','PC7')
INSERT INTO Seats(SeatId,RoomId) VALUES('PC7_B6','PC7')
INSERT INTO Seats(SeatId,RoomId) VALUES('PC7_B7','PC7')
INSERT INTO Seats(SeatId,RoomId) VALUES('PC7_B8','PC7')
INSERT INTO Seats(SeatId,RoomId) VALUES('PC7_C1','PC7')
INSERT INTO Seats(SeatId,RoomId) VALUES('PC7_C2','PC7')
INSERT INTO Seats(SeatId,RoomId) VALUES('PC7_C3','PC7')
INSERT INTO Seats(SeatId,RoomId) VALUES('PC7_C4','PC7')
INSERT INTO Seats(SeatId,RoomId) VALUES('PC7_C5','PC7')
INSERT INTO Seats(SeatId,RoomId) VALUES('PC7_C6','PC7')
INSERT INTO Seats(SeatId,RoomId) VALUES('PC7_C7','PC7')
INSERT INTO Seats(SeatId,RoomId) VALUES('PC7_C8','PC7')
INSERT INTO Seats(SeatId,RoomId) VALUES('PC7_D1','PC7')
INSERT INTO Seats(SeatId,RoomId) VALUES('PC7_D2','PC7')
INSERT INTO Seats(SeatId,RoomId) VALUES('PC7_D3','PC7')
INSERT INTO Seats(SeatId,RoomId) VALUES('PC7_D4','PC7')
INSERT INTO Seats(SeatId,RoomId) VALUES('PC7_D5','PC7')
INSERT INTO Seats(SeatId,RoomId) VALUES('PC7_D6','PC7')
INSERT INTO Seats(SeatId,RoomId) VALUES('PC7_D7','PC7')
INSERT INTO Seats(SeatId,RoomId) VALUES('PC7_D8','PC7')
INSERT INTO Seats(SeatId,RoomId) VALUES('PC7_E1','PC7')
INSERT INTO Seats(SeatId,RoomId) VALUES('PC7_E2','PC7')
INSERT INTO Seats(SeatId,RoomId) VALUES('PC7_E3','PC7')
INSERT INTO Seats(SeatId,RoomId) VALUES('PC7_E4','PC7')
INSERT INTO Seats(SeatId,RoomId) VALUES('PC7_E5','PC7')
INSERT INTO Seats(SeatId,RoomId) VALUES('PC7_E6','PC7')
INSERT INTO Seats(SeatId,RoomId) VALUES('PC7_E7','PC7')
INSERT INTO Seats(SeatId,RoomId) VALUES('PC7_E8','PC7')

INSERT INTO Seats(SeatId,RoomId) VALUES('PC8_A1','PC8')
INSERT INTO Seats(SeatId,RoomId) VALUES('PC8_A2','PC8')
INSERT INTO Seats(SeatId,RoomId) VALUES('PC8_A3','PC8')
INSERT INTO Seats(SeatId,RoomId) VALUES('PC8_A4','PC8')
INSERT INTO Seats(SeatId,RoomId) VALUES('PC8_A5','PC8')
INSERT INTO Seats(SeatId,RoomId) VALUES('PC8_A6','PC8')
INSERT INTO Seats(SeatId,RoomId) VALUES('PC8_A7','PC8')
INSERT INTO Seats(SeatId,RoomId) VALUES('PC8_A8','PC8')
INSERT INTO Seats(SeatId,RoomId) VALUES('PC8_B1','PC8')
INSERT INTO Seats(SeatId,RoomId) VALUES('PC8_B2','PC8')
INSERT INTO Seats(SeatId,RoomId) VALUES('PC8_B3','PC8')
INSERT INTO Seats(SeatId,RoomId) VALUES('PC8_B4','PC8')
INSERT INTO Seats(SeatId,RoomId) VALUES('PC8_B5','PC8')
INSERT INTO Seats(SeatId,RoomId) VALUES('PC8_B6','PC8')
INSERT INTO Seats(SeatId,RoomId) VALUES('PC8_B7','PC8')
INSERT INTO Seats(SeatId,RoomId) VALUES('PC8_B8','PC8')
INSERT INTO Seats(SeatId,RoomId) VALUES('PC8_C1','PC8')
INSERT INTO Seats(SeatId,RoomId) VALUES('PC8_C2','PC8')
INSERT INTO Seats(SeatId,RoomId) VALUES('PC8_C3','PC8')
INSERT INTO Seats(SeatId,RoomId) VALUES('PC8_C4','PC8')
INSERT INTO Seats(SeatId,RoomId) VALUES('PC8_C5','PC8')
INSERT INTO Seats(SeatId,RoomId) VALUES('PC8_C6','PC8')
INSERT INTO Seats(SeatId,RoomId) VALUES('PC8_C7','PC8')
INSERT INTO Seats(SeatId,RoomId) VALUES('PC8_C8','PC8')
INSERT INTO Seats(SeatId,RoomId) VALUES('PC8_D1','PC8')
INSERT INTO Seats(SeatId,RoomId) VALUES('PC8_D2','PC8')
INSERT INTO Seats(SeatId,RoomId) VALUES('PC8_D3','PC8')
INSERT INTO Seats(SeatId,RoomId) VALUES('PC8_D4','PC8')
INSERT INTO Seats(SeatId,RoomId) VALUES('PC8_D5','PC8')
INSERT INTO Seats(SeatId,RoomId) VALUES('PC8_D6','PC8')
INSERT INTO Seats(SeatId,RoomId) VALUES('PC8_D7','PC8')
INSERT INTO Seats(SeatId,RoomId) VALUES('PC8_D8','PC8')
INSERT INTO Seats(SeatId,RoomId) VALUES('PC8_E1','PC8')
INSERT INTO Seats(SeatId,RoomId) VALUES('PC8_E2','PC8')
INSERT INTO Seats(SeatId,RoomId) VALUES('PC8_E3','PC8')
INSERT INTO Seats(SeatId,RoomId) VALUES('PC8_E4','PC8')
INSERT INTO Seats(SeatId,RoomId) VALUES('PC8_E5','PC8')
INSERT INTO Seats(SeatId,RoomId) VALUES('PC8_E6','PC8')
INSERT INTO Seats(SeatId,RoomId) VALUES('PC8_E7','PC8')
INSERT INTO Seats(SeatId,RoomId) VALUES('PC8_E8','PC8')
SELECT * FROM Seats

INSERT INTO Showtimes(ShowID,MovieId,RoomId,ShowtimeDate,ScreentimeId,SoldTickets,TotalRevenue)
	VALUES('S1','P1','PC1','1/4/2024','GC1',NULL,NULL)
INSERT INTO Showtimes(ShowID,MovieId,RoomId,ShowtimeDate,ScreentimeId,SoldTickets,TotalRevenue)
	VALUES('S2','P1','PC1','1/4/2024','GC5',NULL,NULL)
INSERT INTO Showtimes(ShowID,MovieId,RoomId,ShowtimeDate,ScreentimeId,SoldTickets,TotalRevenue)
	VALUES('S3','P1','PC1','1/4/2024','GC9',NULL,NULL)
INSERT INTO Showtimes(ShowID,MovieId,RoomId,ShowtimeDate,ScreentimeId,SoldTickets,TotalRevenue)
	VALUES('S4','P1','PC1','2/4/2024','GC4',NULL,NULL)
INSERT INTO Showtimes(ShowID,MovieId,RoomId,ShowtimeDate,ScreentimeId,SoldTickets,TotalRevenue)
	VALUES('S5','P1','PC1','2/4/2024','GC9',NULL,NULL)

INSERT INTO Showtimes(ShowID,MovieId,RoomId,ShowtimeDate,ScreentimeId,SoldTickets,TotalRevenue)
	VALUES('S6','P2','PC2','1/4/2024','GC9',NULL,NULL)
INSERT INTO Showtimes(ShowID,MovieId,RoomId,ShowtimeDate,ScreentimeId,SoldTickets,TotalRevenue)
	VALUES('S7','P2','PC2','1/4/2024','GC14',NULL,NULL)
INSERT INTO Showtimes(ShowID,MovieId,RoomId,ShowtimeDate,ScreentimeId,SoldTickets,TotalRevenue)
	VALUES('S8','P2','PC2','2/4/2024','GC10',NULL,NULL)
INSERT INTO Showtimes(ShowID,MovieId,RoomId,ShowtimeDate,ScreentimeId,SoldTickets,TotalRevenue)
	VALUES('S9','P2','PC2','2/4/2024','GC15',NULL,NULL)

INSERT INTO Showtimes(ShowID,MovieId,RoomId,ShowtimeDate,ScreentimeId,SoldTickets,TotalRevenue)
	VALUES('S10','P3','PC3','1/4/2024','GC7',NULL,NULL)
INSERT INTO Showtimes(ShowID,MovieId,RoomId,ShowtimeDate,ScreentimeId,SoldTickets,TotalRevenue)
	VALUES('S11','P3','PC3','1/4/2024','GC12',NULL,NULL)

INSERT INTO Showtimes(ShowID,MovieId,RoomId,ShowtimeDate,ScreentimeId,SoldTickets,TotalRevenue)
	VALUES('S12','P4','PC4','1/4/2024','GC13',NULL,NULL)
INSERT INTO Showtimes(ShowID,MovieId,RoomId,ShowtimeDate,ScreentimeId,SoldTickets,TotalRevenue)
	VALUES('S13','P4','PC4','1/4/2024','GC18',NULL,NULL)

INSERT INTO Showtimes(ShowID,MovieId,RoomId,ShowtimeDate,ScreentimeId,SoldTickets,TotalRevenue)
	VALUES('S14','P5','PC5','1/4/2024','GC11',NULL,NULL)
INSERT INTO Showtimes(ShowID,MovieId,RoomId,ShowtimeDate,ScreentimeId,SoldTickets,TotalRevenue)
	VALUES('S15','P5','PC5','1/4/2024','GC17',NULL,NULL)

INSERT INTO Showtimes(ShowID,MovieId,RoomId,ShowtimeDate,ScreentimeId,SoldTickets,TotalRevenue)
	VALUES('S16','P6','PC6','1/4/2024','GC13',NULL,NULL)
INSERT INTO Showtimes(ShowID,MovieId,RoomId,ShowtimeDate,ScreentimeId,SoldTickets,TotalRevenue)
	VALUES('S17','P6','PC6','1/4/2024','GC18',NULL,NULL)

INSERT INTO Showtimes(ShowID,MovieId,RoomId,ShowtimeDate,ScreentimeId,SoldTickets,TotalRevenue)
	VALUES('S18','P7','PC7','1/4/2024','GC13',NULL,NULL)
INSERT INTO Showtimes(ShowID,MovieId,RoomId,ShowtimeDate,ScreentimeId,SoldTickets,TotalRevenue)
	VALUES('S19','P7','PC7','1/4/2024','GC18',NULL,NULL)
SELECT * FROM Showtimes

INSERT INTO Users(UserName,Password,Role) VALUES('Admin123','123','admin')
SELECT * FROM Users

INSERT INTO Combos(ComboName,ComboPrice) VALUES(N'Combo Bắp và Coca',600000)
INSERT INTO Combos(ComboName,ComboPrice) VALUES(N'Combo couple drink',480000)
SELECT * FROM Combos

INSERT INTO Customers(CustomerName,DateOfBirth,CustomerPhone,CustomerAddress,CMND,Password)
	VALUES(N'Luigi','1/1/1999','0123456789',N'111A Mars','012345678901','123')
SELECT * FROM Customers